<?xml version="1.0"?>
<doc>
    <assembly>
        <name>Microsoft.Expression.Effects</name>
    </assembly>
    <members>
        <member name="T:Microsoft.Expression.Media.Effects.BlindOrientation">
            <summary>
決定百葉窗的方向。
            </summary>
        </member>
        <member name="T:Microsoft.Expression.Media.Effects.BlindsTransitionEffect">
            <summary>
切換著色器，此切換著色器可在從某個視覺效果切換為另一個視覺效果時模擬百葉窗開啟。 
            </summary>
        </member>
        <member name="F:Microsoft.Expression.Media.Effects.BlindsTransitionEffect.OrientationProperty">
            <summary>
取得或設定百葉窗的方向。
            </summary>
        </member>
        <member name="F:Microsoft.Expression.Media.Effects.BlindsTransitionEffect.CountProperty">
            <summary>
取得或設定百葉窗的數量。
            </summary>
        </member>
        <member name="F:Microsoft.Expression.Media.Effects.BlindsTransitionEffect.ShaderOrientationProperty">
            <summary>
取得或設定著色器內的 Amplitude 變數。
            </summary>
        </member>
        <member name="M:Microsoft.Expression.Media.Effects.BlindsTransitionEffect.#ctor">
            <summary>
建立著色器的例項。
            </summary>
        </member>
        <member name="M:Microsoft.Expression.Media.Effects.BlindsTransitionEffect.DeepCopy">
            <summary>
製作 BlindsTransitionEffect 效果的深層複本。 
            </summary>
<returns>BlindsTransitionEffect 效果之目前例項的複製品。</returns>
        </member>
        <member name="P:Microsoft.Expression.Media.Effects.BlindsTransitionEffect.Orientation">
            <summary>
取得或設定百葉窗的方向。
            </summary>
        </member>
        <member name="P:Microsoft.Expression.Media.Effects.BlindsTransitionEffect.Count">
            <summary>
取得或設定要顯示的百葉窗數量。
            </summary>
        </member>
        <member name="P:Microsoft.Expression.Media.Effects.BlindsTransitionEffect.ShaderOrientation">
            <summary>
取得或設定百葉窗的方向。
            </summary>
        </member>
        <member name="T:Microsoft.Expression.Media.Effects.BloomEffect">
            <summary>
可在視覺效果上加入光圈照明的效果。 
            </summary>
        </member>
        <member name="F:Microsoft.Expression.Media.Effects.BloomEffect.InputProperty">
            <summary>
此像素著色器的明確輸入。
            </summary>
            
        </member>
        <member name="F:Microsoft.Expression.Media.Effects.BloomEffect.BloomIntensityProperty">
            <summary>
此屬性對應至像素著色器內的 BloomIntensity 變數。
            </summary>
        </member>
        <member name="F:Microsoft.Expression.Media.Effects.BloomEffect.BaseIntensityProperty">
            <summary>
此屬性對應至像素著色器內的 BaseIntensity 變數。
            </summary>
        </member>
        <member name="F:Microsoft.Expression.Media.Effects.BloomEffect.BloomSaturationProperty">
            <summary>
此屬性對應至像素著色器內的 BloomSaturation 變數。
            </summary>
        </member>
        <member name="F:Microsoft.Expression.Media.Effects.BloomEffect.BaseSaturationProperty">
            <summary>
此屬性對應至像素著色器內的 BaseSaturation 變數。
            </summary>
        </member>
        <member name="F:Microsoft.Expression.Media.Effects.BloomEffect.BaseBloomIntensityProperty">
            <summary>
此屬性對應至像素著色器內的 BloomIntensity 變數。
            </summary>
        </member>
        <member name="F:Microsoft.Expression.Media.Effects.BloomEffect.BaseBloomSaturationProperty">
            <summary>
此屬性對應至像素著色器內的 BloomSaturation 變數。
            </summary>
        </member>
        <member name="F:Microsoft.Expression.Media.Effects.BloomEffect.ThresholdProperty">
            <summary>
此屬性對應至像素著色器內的 BaseSaturation 變數。
            </summary>
        </member>
        <member name="M:Microsoft.Expression.Media.Effects.BloomEffect.#ctor">
            <summary>
建立例項並將著色器的變數更新為預設值。
            </summary>
        </member>
        <member name="P:Microsoft.Expression.Media.Effects.BloomEffect.Threshold">
            <summary>
取得或設定用於光圈的最小強度。
            </summary>
        </member>
        <member name="P:Microsoft.Expression.Media.Effects.BloomEffect.BaseIntensity">
            <summary>
取得或設定基準強度。
            </summary>
        </member>
        <member name="P:Microsoft.Expression.Media.Effects.BloomEffect.BloomIntensity">
            <summary>
取得或設定光圈強度。
            </summary>
        </member>
        <member name="P:Microsoft.Expression.Media.Effects.BloomEffect.BaseSaturation">
            <summary>
取得或設定基準飽和度。
            </summary>
        </member>
        <member name="P:Microsoft.Expression.Media.Effects.BloomEffect.BloomSaturation">
            <summary>
取得或設定光圈飽和度。
            </summary>
        </member>
        <member name="P:Microsoft.Expression.Media.Effects.BloomEffect.Input">
            <summary>
取得或設定 Input 著色器取樣器。
            </summary>
        </member>
        <member name="P:Microsoft.Expression.Media.Effects.BloomEffect.BaseBloomIntensity">
            <summary>
取得或設定著色器內的 Base/BloomIntensity 變數。
            </summary>
        </member>
        <member name="P:Microsoft.Expression.Media.Effects.BloomEffect.BaseBloomSaturation">
            <summary>
取得或設定著色器內的 BaseBloomSaturation 變數。
            </summary>
        </member>
        <member name="T:Microsoft.Expression.Media.Effects.CircleRevealTransitionEffect">
            <summary>
透過放大/縮小圓圈來顯示兩種視覺效果的切換效果。 
            </summary>
        </member>
        <member name="F:Microsoft.Expression.Media.Effects.CircleRevealTransitionEffect.FeatherAmountProperty">
            <summary>
相依性屬性，此相依性屬性可修改像素著色器內的 Feather Amount 變數。
            </summary>
        </member>
        <member name="F:Microsoft.Expression.Media.Effects.CircleRevealTransitionEffect.ReverseProperty">
            <summary>
可修改圓圈移動方式的相依性屬性。
            </summary>
        </member>
        <member name="F:Microsoft.Expression.Media.Effects.CircleRevealTransitionEffect.ReverseShaderProperty">
            <summary>
相依性屬性，此相依性屬性可修改像素著色器內的 reverseShader 變數。
            </summary>
        </member>
        <member name="M:Microsoft.Expression.Media.Effects.CircleRevealTransitionEffect.#ctor">
            <summary>
建立例項並將著色器的變數更新為預設值。
            </summary>
        </member>
        <member name="M:Microsoft.Expression.Media.Effects.CircleRevealTransitionEffect.DeepCopy">
            <summary>
製作 CircleRevealTransitionEffect 效果的深層複本。 
            </summary>
<returns>CircleRevealTransitionEffect 效果之目前例項的複製品。</returns>
        </member>
        <member name="P:Microsoft.Expression.Media.Effects.CircleRevealTransitionEffect.FeatherAmount">
            <summary>
取得或設定著色器內的 FuzzyAmount 變數。
            </summary>
        </member>
        <member name="P:Microsoft.Expression.Media.Effects.CircleRevealTransitionEffect.Reverse">
            <summary>
取得或設定反向播放圓圈顯示。
            </summary>
        </member>
        <member name="P:Microsoft.Expression.Media.Effects.CircleRevealTransitionEffect.ReverseShader">
            <summary>
取得或設定反向播放圓圈顯示至著色器。
            </summary>
        </member>
        <member name="T:Microsoft.Expression.Media.Effects.CloudRevealTransitionEffect">
            <summary>
切換效果，此切換效果可切換兩種將雲朵紋理當作取樣器臨界值的視覺效果。
            </summary>
        </member>
        <member name="T:Microsoft.Expression.Media.Effects.CloudyTransitionEffect">
            <summary>
定義切換著色器效果，此切換著色器效果可將影像當作兩種視覺效果間內插像素值的取樣器臨界值。 
            </summary>
        </member>
        <member name="T:Microsoft.Expression.Media.Effects.RandomizedTransitionEffect">
            <summary>
定義切換著色器效果，此切換著色器效果可提供隨機值，讓效果在每次執行時都能產生差異。
            </summary>
        </member>
        <member name="F:Microsoft.Expression.Media.Effects.RandomizedTransitionEffect.RandomSeedProperty">
            <summary>
相依性屬性，此相依性屬性可修改像素著色器內的 RandomSeed 變數。
            </summary>
        </member>
        <member name="M:Microsoft.Expression.Media.Effects.RandomizedTransitionEffect.#ctor">
            <summary>
將著色器的變數更新為預設值。
            </summary>
        </member>
        <member name="P:Microsoft.Expression.Media.Effects.RandomizedTransitionEffect.RandomSeed">
            <summary>
取得或設定著色器內的 RandomSeed 變數。
            </summary>
        </member>
        <member name="F:Microsoft.Expression.Media.Effects.CloudyTransitionEffect.CloudImageProperty">
            <summary>
相依性屬性，此相依性屬性可修改像素著色器內的 CloudImage 變數。
            </summary>
        </member>
        <member name="M:Microsoft.Expression.Media.Effects.CloudyTransitionEffect.#ctor">
            <summary>
建立例項並將著色器的變數更新為預設值。
            </summary>
        </member>
        <member name="P:Microsoft.Expression.Media.Effects.CloudyTransitionEffect.CloudImage">
            <summary>
取得或設定用於取樣之著色器內的 CloudImage 變數。 
            </summary>
        </member>
        <member name="M:Microsoft.Expression.Media.Effects.CloudRevealTransitionEffect.#ctor">
            <summary>
建立著色器的例項。
            </summary>
        </member>
        <member name="M:Microsoft.Expression.Media.Effects.CloudRevealTransitionEffect.DeepCopy">
            <summary>
製作 CloudRevealTransitionEffect 效果的深層複本。 
            </summary>
<returns>CloudRevealTransitionEffect 效果之目前例項的複製品。</returns>
        </member>
        <member name="T:Microsoft.Expression.Media.Effects.ColorToneEffect">
            <summary>
效果，此效果可修改將兩種色彩當作取樣之視覺效果的色調。
            </summary>
        </member>
        <member name="F:Microsoft.Expression.Media.Effects.ColorToneEffect.InputProperty">
            <summary>
此像素著色器的明確輸入。
            </summary>
        </member>
        <member name="F:Microsoft.Expression.Media.Effects.ColorToneEffect.DesaturationProperty">
            <summary>
此屬性對應至像素著色器內的 Desaturation 變數。 
            </summary>
        </member>
        <member name="F:Microsoft.Expression.Media.Effects.ColorToneEffect.ToneAmountProperty">
            <summary>
此屬性對應至像素著色器內的 Tone 變數。 
            </summary>
        </member>
        <member name="F:Microsoft.Expression.Media.Effects.ColorToneEffect.LightColorProperty">
            <summary>
此屬性對應至像素著色器內的 LightColor 變數。 
            </summary>
        </member>
        <member name="F:Microsoft.Expression.Media.Effects.ColorToneEffect.DarkColorProperty">
            <summary>
此屬性對應至像素著色器內的 DarkColor 變數。 
            </summary>
        </member>
        <member name="M:Microsoft.Expression.Media.Effects.ColorToneEffect.#ctor">
            <summary>
建立例項並將著色器的變數更新為預設值。
            </summary>
        </member>
        <member name="P:Microsoft.Expression.Media.Effects.ColorToneEffect.Desaturation">
            <summary>
取得或設定著色器內的 Desaturation 變數。
            </summary>
        </member>
        <member name="P:Microsoft.Expression.Media.Effects.ColorToneEffect.ToneAmount">
            <summary>
取得或設定著色器內的 Tone 變數。
            </summary>
        </member>
        <member name="P:Microsoft.Expression.Media.Effects.ColorToneEffect.LightColor">
            <summary>
取得或設定著色器內的 LightColor 變數。
            </summary>
        </member>
        <member name="P:Microsoft.Expression.Media.Effects.ColorToneEffect.DarkColor">
            <summary>
取得或設定著色器內的 DarkColor 變數。
            </summary>
        </member>
        <member name="P:Microsoft.Expression.Media.Effects.ColorToneEffect.Input">
            <summary>
取得或設定 Input 著色器取樣器。
            </summary>
        </member>
        <member name="T:Microsoft.Expression.Media.Effects.EmbossedEffect">
            <summary>
效果，此效果可模擬視覺效果的浮凸外觀。 
            </summary>
        </member>
        <member name="F:Microsoft.Expression.Media.Effects.EmbossedEffect.InputProperty">
            <summary>
此像素著色器的明確輸入。
            </summary>
        </member>
        <member name="F:Microsoft.Expression.Media.Effects.EmbossedEffect.AmountProperty">
            <summary>
此屬性對應至像素著色器內的 Amount 變數。 
            </summary>
        </member>
        <member name="F:Microsoft.Expression.Media.Effects.EmbossedEffect.HeightProperty">
            <summary>
此屬性對應至像素著色器內的 Height 變數。 
            </summary>
        </member>
        <member name="F:Microsoft.Expression.Media.Effects.EmbossedEffect.ColorProperty">
            <summary>
此屬性對應至像素著色器內的 Color 變數。 
            </summary>
        </member>
        <member name="M:Microsoft.Expression.Media.Effects.EmbossedEffect.#ctor">
            <summary>
建立例項並將著色器的變數更新為預設值。
            </summary>
        </member>
        <member name="P:Microsoft.Expression.Media.Effects.EmbossedEffect.Amount">
            <summary>
取得或設定著色器內的 Amount 變數。
            </summary>
        </member>
        <member name="P:Microsoft.Expression.Media.Effects.EmbossedEffect.Height">
            <summary>
取得或設定著色器內的 Height 變數。
            </summary>
        </member>
        <member name="P:Microsoft.Expression.Media.Effects.EmbossedEffect.Color">
            <summary>
取得或設定著色器內的 Color 變數。
            </summary>
        </member>
        <member name="P:Microsoft.Expression.Media.Effects.EmbossedEffect.Input">
            <summary>
取得或設定 Input 著色器取樣器。
            </summary>
        </member>
        <member name="T:Microsoft.Expression.Media.Effects.FadeTransitionEffect">
            <summary>
切換效果，此切換效果可從某個視覺效果逐漸切換為另一個視覺效果。
            </summary>
        </member>
        <member name="M:Microsoft.Expression.Media.Effects.FadeTransitionEffect.#ctor">
            <summary>
建立著色器的例項。
            </summary>
        </member>
        <member name="M:Microsoft.Expression.Media.Effects.FadeTransitionEffect.DeepCopy">
            <summary>
製作 FadeTransitionEffect 效果的深層複本。 
            </summary>
<returns>FadeTransitionEffect 效果之目前例項的複製品。</returns>
        </member>
        <member name="T:Microsoft.Expression.Media.Effects.MagnifyEffect">
            <summary>
可模擬放大鏡的效果。
            </summary>
        </member>
        <member name="F:Microsoft.Expression.Media.Effects.MagnifyEffect.InnerRadiusProperty">
            <summary>
取得或設定著色器內的 InnerRadius 變數。
            </summary>
        </member>
        <member name="F:Microsoft.Expression.Media.Effects.MagnifyEffect.OuterRadiusProperty">
            <summary>
取得或設定著色器內的 OuterRadius 變數。
            </summary>
        </member>
        <member name="F:Microsoft.Expression.Media.Effects.MagnifyEffect.CenterProperty">
            <summary>
取得或設定著色器內的 Center 變數。
            </summary>
        </member>
        <member name="F:Microsoft.Expression.Media.Effects.MagnifyEffect.AmountProperty">
            <summary>
取得或設定著色器內的數量變數。
            </summary>
        </member>
        <member name="F:Microsoft.Expression.Media.Effects.MagnifyEffect.InputProperty">
            <summary>
取得或設定著色器中使用的 Input。
            </summary>
        </member>
        <member name="F:Microsoft.Expression.Media.Effects.MagnifyEffect.generalTransform">
            <summary>
用於此著色器的轉換。
            </summary>
        </member>
        <member name="M:Microsoft.Expression.Media.Effects.MagnifyEffect.#ctor">
            <summary>
建立例項並將著色器的變數更新為預設值。
            </summary>
        </member>
        <member name="P:Microsoft.Expression.Media.Effects.MagnifyEffect.InnerRadius">
            <summary>
取得或設定著色器內的 InnerRadius 變數。
            </summary>
        </member>
        <member name="P:Microsoft.Expression.Media.Effects.MagnifyEffect.OuterRadius">
            <summary>
取得或設定著色器內的 OuterRadius 變數。
            </summary>
        </member>
        <member name="P:Microsoft.Expression.Media.Effects.MagnifyEffect.Center">
            <summary>
取得或設定著色器內的 Center 變數。
            </summary>
        </member>
        <member name="P:Microsoft.Expression.Media.Effects.MagnifyEffect.Amount">
            <summary>
取得或設定 ShrinkFactor。縮小係數越大，橢圓形的內容就顯得「愈小」。 
            </summary>
        </member>
        <member name="P:Microsoft.Expression.Media.Effects.MagnifyEffect.EffectMapping">
            <summary>
取得 EffectMapping。
            </summary>
        </member>
        <member name="P:Microsoft.Expression.Media.Effects.MagnifyEffect.Input">
            <summary>
取得或設定 Input 著色器取樣器。
            </summary>
        </member>
        <member name="T:Microsoft.Expression.Media.Effects.MagnifyEffect.MagnifyGeneralTransform">
            <summary>
對應於放大鏡效果的 GeneralTransform。
            </summary>
        </member>
        <member name="F:Microsoft.Expression.Media.Effects.MagnifyEffect.MagnifyGeneralTransform.biasValue">
            <summary>
嘗試根據效果轉換某個點。
            </summary>
<param name="targetPoint">要轉換的點。</param>
<param name="result">結果 (若有的話)。</param>
<returns>如果成功，則傳回 true。</returns>
        </member>
        <member name="F:Microsoft.Expression.Media.Effects.MagnifyEffect.MagnifyGeneralTransform.effect">
            <summary>
效果例項。
            </summary>
        </member>
        <member name="F:Microsoft.Expression.Media.Effects.MagnifyEffect.MagnifyGeneralTransform.IsInverse">
            <summary>
指出轉換是否為反向轉換。
            </summary>
        </member>
        <member name="F:Microsoft.Expression.Media.Effects.MagnifyEffect.MagnifyGeneralTransform.inverseTransform">
            <summary>
此效果特有的轉換。
            </summary>
        </member>
        <member name="M:Microsoft.Expression.Media.Effects.MagnifyEffect.MagnifyGeneralTransform.#ctor(Microsoft.Expression.Media.Effects.MagnifyEffect)">
            <summary>
建立新的例項。
            </summary>
<param name="fx">來源效果。</param>
        </member>
        <member name="M:Microsoft.Expression.Media.Effects.MagnifyEffect.MagnifyGeneralTransform.TransformBounds(System.Windows.Rect)">
            <summary>
這個效果會使向軸對齊的線條維持向軸對齊，使矩形的轉換侷限於角點轉換。
            </summary>
<param name="rect">輸入矩形。</param>
<returns>輸出矩形。</returns>
        </member>
        <member name="M:Microsoft.Expression.Media.Effects.MagnifyEffect.MagnifyGeneralTransform.OutToIn(System.Windows.Point,System.Double,System.Double,System.Windows.Point,System.Double)">
            <summary>
若要反轉著色器，假設 Pout 是紋理輸入 (著色器的反轉)，我們需要尋找作為像素輸出的 Pin。著色器演算法必須仰賴像素輸出和中心間的半徑，然而當我們計算反轉時，並無法取得這個變數。我們需要執行 bisection 才能使用此方程式收斂：PHatout = PHat_in*Scalar，其中 PHatout = Pout - Pcenter，pHatin = Pin -Pcenter。
            
Scalar 取決於 Pin 的半徑 (我們缺少的項目)。 
            </summary>
        </member>
        <member name="M:Microsoft.Expression.Media.Effects.MagnifyEffect.MagnifyGeneralTransform.InToOut(System.Windows.Point,System.Double,System.Double,System.Windows.Point,System.Double)">
            <summary>
根據指定的像素輸出 (Pin) 尋找紋理輸入 (Pout)。
            </summary>
        </member>
        <member name="M:Microsoft.Expression.Media.Effects.MagnifyEffect.MagnifyGeneralTransform.CreateInstanceCore">
            <summary>
建立新的例項。
            </summary>
<returns>此項目的新例項。</returns>
        </member>
        <member name="M:Microsoft.Expression.Media.Effects.MagnifyEffect.MagnifyGeneralTransform.PointIsInCircle(System.Windows.Point,System.Windows.Point,System.Double)">
            <summary>
判斷點是否位在橢圓形內。
            </summary>
<param name="pt">測試點。</param>
<param name="center">橢圓形的中心點。</param>
<param name="radius">橢圓形的半徑。</param>
<returns>如果成功，則傳回 true。</returns>
        </member>
        <member name="P:Microsoft.Expression.Media.Effects.MagnifyEffect.MagnifyGeneralTransform.Inverse">
            <summary>
取得反向轉換。
            </summary>
        </member>
        <member name="T:Microsoft.Expression.Media.Effects.MonochromeEffect">
             <summary>
可將視覺效果轉換為單色色彩的效果。
             </summary>
        </member>
        <member name="F:Microsoft.Expression.Media.Effects.MonochromeEffect.ColorProperty">
            <summary>
取得或設定著色器內的 Color 變數。
            </summary>
        </member>
        <member name="F:Microsoft.Expression.Media.Effects.MonochromeEffect.InputProperty">
            <summary>
取得或設定著色器的 Input。
            </summary>
        </member>
        <member name="M:Microsoft.Expression.Media.Effects.MonochromeEffect.#ctor">
            <summary>
建立例項並將著色器的變數更新為預設值。
            </summary>
        </member>
        <member name="P:Microsoft.Expression.Media.Effects.MonochromeEffect.Color">
            <summary>
取得或設定著色器內的 Color 變數。
            </summary>
        </member>
        <member name="P:Microsoft.Expression.Media.Effects.MonochromeEffect.Input">
            <summary>
取得或設定著色器中使用的 Input。
            </summary>
        </member>
        <member name="T:Microsoft.Expression.Media.Effects.PixelateEffect">
            <summary>
可使視覺效果像素化的效果。
            </summary>
        </member>
        <member name="F:Microsoft.Expression.Media.Effects.PixelateEffect.InputProperty">
            <summary>
此像素著色器的明確輸入。
            </summary>
        </member>
        <member name="F:Microsoft.Expression.Media.Effects.PixelateEffect.PixelationProperty">
            <summary>
此屬性對應至像素著色器內的 Pixelation 變數。
            </summary>
        </member>
        <member name="M:Microsoft.Expression.Media.Effects.PixelateEffect.#ctor">
            <summary>
建立例項並將著色器的變數更新為預設值。
            </summary>
        </member>
        <member name="P:Microsoft.Expression.Media.Effects.PixelateEffect.Pixelation">
            <summary>
取得或設定著色器內的像素化數量。
            </summary>
        </member>
        <member name="P:Microsoft.Expression.Media.Effects.PixelateEffect.Input">
            <summary>
取得或設定 Input 著色器取樣器。
            </summary>
        </member>
        <member name="T:Microsoft.Expression.Media.Effects.PixelateTransitionEffect">
            <summary>
切換效果，此切換效果可增加或減少兩個視覺效果間的像素化。
            </summary>
        </member>
        <member name="M:Microsoft.Expression.Media.Effects.PixelateTransitionEffect.#ctor">
            <summary>
建立著色器的例項。
            </summary>
        </member>
        <member name="M:Microsoft.Expression.Media.Effects.PixelateTransitionEffect.DeepCopy">
            <summary>
製作 PixelateTransitionEffect 效果的深層複本。 
            </summary>
<returns>PixelateTransitionEffect 效果之目前例項的複製品。</returns>
        </member>
        <member name="T:Microsoft.Expression.Media.Effects.RadialBlurTransitionEffect">
            <summary>
切換效果，當引進新的視覺效果時，此切換效果可使目前的視覺效果呈現放射模糊。
            </summary>
        </member>
        <member name="M:Microsoft.Expression.Media.Effects.RadialBlurTransitionEffect.#ctor">
            <summary>
建立著色器的例項。
            </summary>
        </member>
        <member name="M:Microsoft.Expression.Media.Effects.RadialBlurTransitionEffect.DeepCopy">
            <summary>
製作 RadialBlurTransitionEffect 效果的深層複本。 
            </summary>
<returns>RadialBlurTransitionEffect 效果之目前例項的複製品。</returns>
        </member>
        <member name="T:Microsoft.Expression.Media.Effects.RippleEffect">
            <summary>
可在視覺效果上模擬漣漪的效果。 
            </summary>
        </member>
        <member name="F:Microsoft.Expression.Media.Effects.RippleEffect.CenterProperty">
            <summary>
取得或設定著色器內的 Center 變數。
            </summary>
        </member>
        <member name="F:Microsoft.Expression.Media.Effects.RippleEffect.MagnitudeProperty">
            <summary>
取得或設定著色器內的 Amplitude 變數。
            </summary>
        </member>
        <member name="F:Microsoft.Expression.Media.Effects.RippleEffect.FrequencyProperty">
            <summary>
取得或設定著色器內的 Frequency 變數。
            </summary>
        </member>
        <member name="F:Microsoft.Expression.Media.Effects.RippleEffect.PhaseProperty">
            <summary>
取得或設定著色器內的 Phase 變數。
            </summary>
        </member>
        <member name="F:Microsoft.Expression.Media.Effects.RippleEffect.InputProperty">
            <summary>
取得或設定著色器中使用的 Input 筆刷。
            </summary>
        </member>
        <member name="M:Microsoft.Expression.Media.Effects.RippleEffect.#ctor">
            <summary>
建立例項並將著色器的變數更新為預設值。
            </summary>
        </member>
        <member name="P:Microsoft.Expression.Media.Effects.RippleEffect.Center">
            <summary>
取得或設定著色器內的 Center 變數。
            </summary>
        </member>
        <member name="P:Microsoft.Expression.Media.Effects.RippleEffect.Magnitude">
            <summary>
取得或設定著色器內的 Amplitude 變數。
            </summary>
        </member>
        <member name="P:Microsoft.Expression.Media.Effects.RippleEffect.Frequency">
            <summary>
取得或設定著色器內的 Frequency 變數。
            </summary>
        </member>
        <member name="P:Microsoft.Expression.Media.Effects.RippleEffect.Phase">
            <summary>
取得或設定著色器內的 Phase 變數。
            </summary>
        </member>
        <member name="P:Microsoft.Expression.Media.Effects.RippleEffect.Input">
            <summary>
取得或設定 Input 著色器取樣器。
            </summary>
        </member>
        <member name="T:Microsoft.Expression.Media.Effects.RippleTransitionEffect">
            <summary>
可在切換時模擬漣漪的切換效果。 
            </summary>
        </member>
        <member name="M:Microsoft.Expression.Media.Effects.RippleTransitionEffect.#ctor">
            <summary>
建立著色器的例項。
            </summary>
        </member>
        <member name="M:Microsoft.Expression.Media.Effects.RippleTransitionEffect.DeepCopy">
            <summary>
製作 RippleTransitionEffect 效果的深層複本。 
            </summary>
<returns>RippleTransitionEffect 效果之目前例項的複製品。</returns>
        </member>
        <member name="T:Microsoft.Expression.Media.Effects.SharpenEffect">
            <summary>
可使視覺效果更加清晰鮮明的效果。 
            </summary>
        </member>
        <member name="F:Microsoft.Expression.Media.Effects.SharpenEffect.InputProperty">
            <summary>
此像素著色器的明確輸入。
            </summary>
        </member>
        <member name="F:Microsoft.Expression.Media.Effects.SharpenEffect.AmountProperty">
            <summary>
此屬性對應至像素著色器內的 Amount 變數。 
            </summary>
        </member>
        <member name="F:Microsoft.Expression.Media.Effects.SharpenEffect.HeightProperty">
            <summary>
此屬性對應至像素著色器內的 Width 變數。 
            </summary>
        </member>
        <member name="M:Microsoft.Expression.Media.Effects.SharpenEffect.#ctor">
            <summary>
建立例項並將著色器的變數更新為預設值。
            </summary>
        </member>
        <member name="P:Microsoft.Expression.Media.Effects.SharpenEffect.Amount">
            <summary>
取得或設定著色器內的 Amount 變數。
            </summary>
        </member>
        <member name="P:Microsoft.Expression.Media.Effects.SharpenEffect.Height">
            <summary>
取得或設定著色器內的 Height 變數。
            </summary>
        </member>
        <member name="P:Microsoft.Expression.Media.Effects.SharpenEffect.Input">
            <summary>
取得或設定 Input 著色器取樣器。
            </summary>
        </member>
        <member name="T:Microsoft.Expression.Media.Effects.SlideDirection">
            <summary>
定義投影片方向。
            </summary>
        </member>
        <member name="T:Microsoft.Expression.Media.Effects.SlideInTransitionEffect">
            <summary>
切換效果，此切換效果可使目前的視覺效果滑動到別處以顯示新的視覺效果。 
            </summary>
        </member>
        <member name="F:Microsoft.Expression.Media.Effects.SlideInTransitionEffect.SlideDirectionProperty">
            <summary>
相依性屬性，此相依性屬性可修改像素著色器內的 SlideAmount 變數。
            </summary>
        </member>
        <member name="F:Microsoft.Expression.Media.Effects.SlideInTransitionEffect.SlideNormalProperty">
            <summary>
相依性屬性，此相依性屬性可修改像素著色器內的 SlideAmount 變數。
            </summary>
        </member>
        <member name="M:Microsoft.Expression.Media.Effects.SlideInTransitionEffect.#ctor">
            <summary>
建立例項並將著色器的變數更新為預設值。
            </summary>
        </member>
        <member name="M:Microsoft.Expression.Media.Effects.SlideInTransitionEffect.DeepCopy">
            <summary>
製作 SlideInTransitionEffect 效果的深層複本。 
            </summary>
<returns>SlideInTransitionEffect 效果之目前例項的複製品。</returns>
        </member>
        <member name="P:Microsoft.Expression.Media.Effects.SlideInTransitionEffect.SlideDirection">
            <summary>
取得或設定著色器內的 SlideAmount 變數。
            </summary>
        </member>
        <member name="P:Microsoft.Expression.Media.Effects.SlideInTransitionEffect.SlideNormal">
            <summary>
取得或設定著色器內的 SlideAmount 變數。
            </summary>
        </member>
        <member name="T:Microsoft.Expression.Media.Effects.SmoothSwirlGridTransitionEffect">
             <summary>
切換效果，當引進新的視覺效果時，此切換效果可使目前的視覺效果呈現漩渦狀。
             </summary>
        </member>
        <member name="F:Microsoft.Expression.Media.Effects.SmoothSwirlGridTransitionEffect.TwistAmountProperty">
            <summary>
相依性屬性，此相依性屬性可修改像素著色器內的 TwistAmount 變數。
            </summary>
        </member>
        <member name="F:Microsoft.Expression.Media.Effects.SmoothSwirlGridTransitionEffect.CellCountProperty">
            <summary>
相依性屬性，此相依性屬性可修改像素扭曲之處的儲存格數量。
            </summary>
        </member>
        <member name="M:Microsoft.Expression.Media.Effects.SmoothSwirlGridTransitionEffect.#ctor(System.Double)">
            <summary>
建立例項並將著色器的 Twist 變數設為指定的值。
            </summary>
<param name="twist">漩渦扭曲的程度。</param>
        </member>
        <member name="M:Microsoft.Expression.Media.Effects.SmoothSwirlGridTransitionEffect.#ctor">
            <summary>
建立例項並將著色器的變數更新為預設值。
            </summary>
        </member>
        <member name="M:Microsoft.Expression.Media.Effects.SmoothSwirlGridTransitionEffect.DeepCopy">
            <summary>
製作 SmoothSwirlGridTransitionEffect 效果的深層複本。 
            </summary>
<returns>SmoothSwirlGridTransitionEffect 效果之目前例項的複製品。</returns>
        </member>
        <member name="P:Microsoft.Expression.Media.Effects.SmoothSwirlGridTransitionEffect.TwistAmount">
            <summary>
取得或設定著色器內的 TwistAmount 變數。
            </summary>
        </member>
        <member name="P:Microsoft.Expression.Media.Effects.SmoothSwirlGridTransitionEffect.CellCount">
            <summary>
取得或設定著色器內的 CellCount 變數。
            </summary>
        </member>
        <member name="T:Microsoft.Expression.Media.Effects.SwirlEffect">
            <summary>
可使目前視覺效果呈現漩渦狀的效果。
            </summary>
        </member>
        <member name="F:Microsoft.Expression.Media.Effects.SwirlEffect.InputProperty">
            <summary>
此像素著色器的明確輸入。
            </summary>
        </member>
        <member name="F:Microsoft.Expression.Media.Effects.SwirlEffect.CenterProperty">
            <summary>
此屬性對應至像素著色器內的 Center 變數。
            </summary>
        </member>
        <member name="F:Microsoft.Expression.Media.Effects.SwirlEffect.TwistAmountProperty">
            <summary>
此屬性對應至像素著色器內的 TwistAmount 變數。
            </summary>
        </member>
        <member name="F:Microsoft.Expression.Media.Effects.SwirlEffect.AngleFrequencyProperty">
            <summary>
此屬性對應至像素著色器內的 AngleFrequency 變數。
            </summary>
        </member>
        <member name="F:Microsoft.Expression.Media.Effects.SwirlEffect.generalTransform">
            <summary>
套用此效果時使用的轉換。
            </summary>
        </member>
        <member name="M:Microsoft.Expression.Media.Effects.SwirlEffect.#ctor">
            <summary>
建立例項並將著色器的變數更新為預設值。
            </summary>
        </member>
        <member name="P:Microsoft.Expression.Media.Effects.SwirlEffect.Center">
            <summary>
取得或設定著色器內的 Center 變數。
            </summary>
        </member>
        <member name="P:Microsoft.Expression.Media.Effects.SwirlEffect.TwistAmount">
            <summary>
取得或設定著色器內的 TwistAmount 變數。
            </summary>
        </member>
        <member name="P:Microsoft.Expression.Media.Effects.SwirlEffect.AngleFrequency">
            <summary>
取得或設定著色器內的 AngleFrequency 變數。此屬性並未公開。
            </summary>
        </member>
        <member name="P:Microsoft.Expression.Media.Effects.SwirlEffect.Input">
            <summary>
取得或設定 Input 著色器取樣器。
            </summary>
        </member>
        <member name="P:Microsoft.Expression.Media.Effects.SwirlEffect.EffectMapping">
            <summary>
取得此效果的 GeneralTransform。
            </summary>
        </member>
        <member name="T:Microsoft.Expression.Media.Effects.SwirlEffect.SwirlGeneralTransform">
            <summary>
用於轉換輸入和樹狀目錄轉換。
            </summary>
        </member>
        <member name="F:Microsoft.Expression.Media.Effects.SwirlEffect.SwirlGeneralTransform.theEffect">
            <summary>
效果的例項。
            </summary>
        </member>
        <member name="F:Microsoft.Expression.Media.Effects.SwirlEffect.SwirlGeneralTransform.thisIsInverse">
            <summary>
轉換的反轉。
            </summary>
        </member>
        <member name="F:Microsoft.Expression.Media.Effects.SwirlEffect.SwirlGeneralTransform.inverseTransform">
            <summary>
此 GeneralTransform 的反轉。
            </summary>
        </member>
        <member name="M:Microsoft.Expression.Media.Effects.SwirlEffect.SwirlGeneralTransform.#ctor(Microsoft.Expression.Media.Effects.SwirlEffect)">
            <summary>
建立此類別的例項。
            </summary>
<param name="eff">效果本身。</param>
        </member>
        <member name="M:Microsoft.Expression.Media.Effects.SwirlEffect.SwirlGeneralTransform.TransformBounds(System.Windows.Rect)">
            <summary>
在這項作業中，邊界是四個轉換點的週框方塊。您需要分別轉換每個邊界，然後再繪製外接圓。正轉和反轉都適用此規則。
            </summary>
<param name="rect">輸入矩形。</param>
<returns>轉換的矩形。</returns>
        </member>
        <member name="M:Microsoft.Expression.Media.Effects.SwirlEffect.SwirlGeneralTransform.TryTransform(System.Windows.Point,System.Windows.Point@)">
            <summary>
嘗試以漩渦效果轉換 inPoint。
            </summary>
<param name="targetPoint">輸入點。</param>
<param name="result">使用漩渦效果進行轉換後的輸出點。</param>
<returns>傳回 true；如果傳回 false，則會擲回。</returns>
        </member>
        <member name="M:Microsoft.Expression.Media.Effects.SwirlEffect.SwirlGeneralTransform.CreateInstanceCore">
            <summary>
傳回此項目的新例項。
            </summary>
<returns>新例項。</returns>
        </member>
        <member name="P:Microsoft.Expression.Media.Effects.SwirlEffect.SwirlGeneralTransform.Inverse">
            <summary>
取得目前轉換之反轉的複製品。
            </summary>
        </member>
        <member name="T:Microsoft.Expression.Media.Effects.WaveTransitionEffect">
            <summary>
切換效果，當引進新的視覺效果時，此切換效果可使目前的呈現波浪狀。
            </summary>
        </member>
        <member name="F:Microsoft.Expression.Media.Effects.WaveTransitionEffect.MagnitudeProperty">
            <summary>
相依性屬性，此相依性屬性可修改像素著色器內的 Magnitude 變數。
            </summary>
        </member>
        <member name="F:Microsoft.Expression.Media.Effects.WaveTransitionEffect.PhaseProperty">
            <summary>
相依性屬性，此相依性屬性可修改像素著色器內的 Phase 變數。
            </summary>
        </member>
        <member name="F:Microsoft.Expression.Media.Effects.WaveTransitionEffect.FrequencyProperty">
            <summary>
相依性屬性，此相依性屬性可修改像素著色器內的 Frequency 變數。
            </summary>
        </member>
        <member name="M:Microsoft.Expression.Media.Effects.WaveTransitionEffect.#ctor">
            <summary>
建立著色器的例項。
            </summary>
        </member>
        <member name="M:Microsoft.Expression.Media.Effects.WaveTransitionEffect.DeepCopy">
            <summary>
製作 WaveTransitionEffect 效果的深層複本。 
            </summary>
<returns>WaveTransitionEffect 效果之目前例項的複製品。</returns>
        </member>
        <member name="P:Microsoft.Expression.Media.Effects.WaveTransitionEffect.Magnitude">
            <summary>
取得或設定波浪的強度。
            </summary>
        </member>
        <member name="P:Microsoft.Expression.Media.Effects.WaveTransitionEffect.Phase">
            <summary>
取得或設定波浪的相位。
            </summary>
        </member>
        <member name="P:Microsoft.Expression.Media.Effects.WaveTransitionEffect.Frequency">
            <summary>
取得或設定波浪的強度。
            </summary>
        </member>
        <member name="T:Microsoft.Expression.Media.Effects.WipeDirection">
            <summary>
定義擦去方向。
            </summary>
        </member>
        <member name="T:Microsoft.Expression.Media.Effects.WipeTransitionEffect">
            <summary>
切換效果，當引進新的視覺效果時，此切換效果可擦去目前的視覺效果。
            </summary>
        </member>
        <member name="F:Microsoft.Expression.Media.Effects.WipeTransitionEffect.WipeDirectionProperty">
            <summary>
相依性屬性，此相依性屬性可修改像素著色器內的 WipeDirection 變數。
            </summary>
        </member>
        <member name="F:Microsoft.Expression.Media.Effects.WipeTransitionEffect.FeatherAmountProperty">
            <summary>
相依性屬性，此相依性屬性可修改像素著色器內的 FeatherAmount 變數。
            </summary>
        </member>
        <member name="F:Microsoft.Expression.Media.Effects.WipeTransitionEffect.LineOriginProperty">
            <summary>
相依性屬性，此相依性屬性可修改像素著色器內的 LineOrigin 變數。
            </summary>
        </member>
        <member name="F:Microsoft.Expression.Media.Effects.WipeTransitionEffect.LineNormalProperty">
            <summary>
相依性屬性，此相依性屬性可修改像素著色器內的 LineNormal 變數。
            </summary>
        </member>
        <member name="F:Microsoft.Expression.Media.Effects.WipeTransitionEffect.LineOffsetProperty">
            <summary>
相依性屬性，此相依性屬性可修改像素著色器內的 LineOffset 變數。
            </summary>
        </member>
        <member name="M:Microsoft.Expression.Media.Effects.WipeTransitionEffect.#ctor">
            <summary>
建立例項並將著色器的變數更新為預設值。
            </summary>
        </member>
        <member name="M:Microsoft.Expression.Media.Effects.WipeTransitionEffect.DeepCopy">
            <summary>
製作 WipeTransitionEffect 效果的深層複本。 
            </summary>
<returns>WipeTransitionEffect 效果之目前例項的複製品。</returns>
        </member>
        <member name="P:Microsoft.Expression.Media.Effects.WipeTransitionEffect.WipeDirection">
            <summary>
取得或設定擦去的方向。
            </summary>
        </member>
        <member name="P:Microsoft.Expression.Media.Effects.WipeTransitionEffect.FeatherAmount">
            <summary>
取得或設定著色器內的 FeatherAmount 變數。
            </summary>
        </member>
        <member name="P:Microsoft.Expression.Media.Effects.WipeTransitionEffect.LineOrigin">
            <summary>
取得或設定著色器內的 LineOrigin 變數。
            </summary>
        </member>
        <member name="P:Microsoft.Expression.Media.Effects.WipeTransitionEffect.LineNormal">
            <summary>
取得或設定著色器內的 LineNormal 變數。
            </summary>
        </member>
        <member name="P:Microsoft.Expression.Media.Effects.WipeTransitionEffect.LineOffset">
            <summary>
取得或設定著色器內的 LineOffset 變數。
            </summary>
        </member>
    </members>
</doc>
